[
  {
    "completions": [
      {
        "created_at": 1609124242,
        "id": 6001,
        "lead_time": 28.101,
        "result": [
          {
            "from_name": "label",
            "id": "6fH8RpHe_5",
            "to_name": "text",
            "type": "labels",
            "value": {
              "end": 21,
              "labels": [
                "积极"
              ],
              "start": 19,
              "text": "酒精"
            }
          }
        ]
      }
    ],
    "data": {
      "channel": "jd",
      "keyword": "酒精",
      "md5": "3003f5a1636b3155625da965c07f9c94",
      "text": "搽在脸上很滋润。很保湿，感觉不错。不含酒精和香精兴致很。",
      "wordtype": "成分"
    },
    "id": 6
  },
  {
    "completions": [
      {
        "created_at": 1609124613,
        "id": 7001,
        "lead_time": 361.858,
        "result": [
          {
            "from_name": "label",
            "id": "M6lzECtdaC",
            "to_name": "text",
            "type": "labels",
            "value": {
              "end": 30,
              "labels": [
                "积极"
              ],
              "start": 28,
              "text": "适合"
            }
          }
        ]
      }
    ],
    "data": {
      "channel": "jd",
      "keyword": "水润",
      "md5": "26c8a20aecd9da74d62c9f3c516b2308",
      "text": "产品质感：质感非常好，非常水润，非常舒服适合肤质：我觉得适合各种肤质，油皮、干皮、混合皮、敏感肌肤都能行吧，但里面含酒精，大家可以注意一下产品香味：味道好闻，有淡淡的桔子香气",
      "wordtype": "功效"
    },
    "id": 7
  },
  {
    "completions": [
      {
        "created_at": 1609127053,
        "id": 10001,
        "lead_time": 10.46,
        "result": [
          {
            "from_name": "label",
            "id": "oCrLkFPS1S",
            "to_name": "text",
            "type": "labels",
            "value": {
              "end": 15,
              "labels": [
                "积极"
              ],
              "start": 13,
              "text": "保湿"
            }
          }
        ]
      }
    ],
    "data": {
      "channel": "jd",
      "keyword": "保湿",
      "md5": "6aec16cefa2c7298fe6f6a0d1ae08964",
      "text": "适合肤质：好用不贵便宜划算保湿好",
      "wordtype": "功效"
    },
    "id": 10
  },
  {
    "completions": [
      {
        "created_at": 1609121741,
        "id": 1,
        "lead_time": 7.793,
        "result": [
          {
            "from_name": "label",
            "id": "uRtQVNH5i0",
            "to_name": "text",
            "type": "labels",
            "value": {
              "end": 7,
              "labels": [
                "积极"
              ],
              "start": 5,
              "text": "珍珠"
            }
          }
        ]
      }
    ],
    "data": {
      "channel": "jd",
      "keyword": "珍珠",
      "md5": "398e1db24dc71d5649cc17640c4f425c",
      "text": "感觉还是买珍珠白比较好",
      "wordtype": "成分"
    },
    "id": 0
  },
  {
    "completions": [
      {
        "created_at": 1609121750,
        "id": 1001,
        "lead_time": 8.979,
        "result": []
      }
    ],
    "data": {
      "channel": "jd",
      "keyword": "卸妆",
      "md5": "ac6b444c24c0e1299756379117618149",
      "text": "卸妆水有500毫升，容量非常大，可以用很久了，而且是氨基酸成分比较温和，卸妆也卸的很干净，这个版本是艺术家限量版，包装也非常好看，产品上有涂层，可以刮开，验证真伪，总体来说很不错，而且温和不刺激，也不会拉扯皮肤，敏感皮可以用",
      "wordtype": "功效"
    },
    "id": 1
  },
  {
    "completions": [
      {
        "created_at": 1609127060,
        "id": 11001,
        "lead_time": 6.915,
        "result": [
          {
            "from_name": "label",
            "id": "z_O-7GH_Bq",
            "to_name": "text",
            "type": "labels",
            "value": {
              "end": 25,
              "labels": [
                "积极"
              ],
              "start": 23,
              "text": "细腻"
            }
          }
        ]
      }
    ],
    "data": {
      "channel": "jd",
      "keyword": "细腻",
      "md5": "ef61922a581d23560b12e1dfbd48fa19",
      "text": "第一次使用去角质产品。感觉挺不错的 用完皮肤很细腻光滑，会继续使用",
      "wordtype": "功效"
    },
    "id": 11
  },
  {
    "completions": [
      {
        "created_at": 1609121761,
        "id": 2001,
        "lead_time": 10.921,
        "result": [
          {
            "from_name": "label",
            "id": "AsgAFFw96C",
            "to_name": "text",
            "type": "labels",
            "value": {
              "end": 29,
              "labels": [
                "中性"
              ],
              "start": 26,
              "text": "氨基酸"
            }
          }
        ]
      }
    ],
    "data": {
      "channel": "jd",
      "keyword": "氨基酸",
      "md5": "a6e7fd60b8ee3d4511f9adf91db8c2e9",
      "text": "卸妆水有500毫升，容量非常大，可以用很久了，而且是氨基酸成分比较温和，卸妆也卸的很干净，这个版本是艺术家限量版，包装也非常好看，产品上有涂层，可以刮开，验证真伪，总体来说很不错，而且温和不刺激，也不会拉扯皮肤，敏感皮可以用",
      "wordtype": "成分"
    },
    "id": 2
  },
  {
    "completions": [
      {
        "created_at": 1609127066,
        "id": 12001,
        "lead_time": 6.253,
        "result": [
          {
            "from_name": "label",
            "id": "1PU2qlOySv",
            "to_name": "text",
            "type": "labels",
            "value": {
              "end": 13,
              "labels": [
                "积极"
              ],
              "start": 11,
              "text": "隔离"
            }
          }
        ]
      }
    ],
    "data": {
      "channel": "jd",
      "keyword": "隔离",
      "md5": "515deaaaf18a0f3215a44a66aff06527",
      "text": "很好用 也很实惠 遮瑕隔离的效果非常不错，肤色变好了。",
      "wordtype": "功效"
    },
    "id": 12
  },
  {
    "completions": [
      {
        "created_at": 1609127077,
        "id": 13001,
        "lead_time": 10.903,
        "result": [
          {
            "from_name": "label",
            "id": "SRvloIEEJd",
            "to_name": "text",
            "type": "labels",
            "value": {
              "end": 11,
              "labels": [
                "积极"
              ],
              "start": 8,
              "text": " 遮瑕"
            }
          }
        ]
      }
    ],
    "data": {
      "channel": "jd",
      "keyword": "遮瑕",
      "md5": "e3bfda288403eee60652c8d3fe686714",
      "text": "很好用 也很实惠 遮瑕隔离的效果非常不错，肤色变好了。",
      "wordtype": "功效"
    },
    "id": 13
  },
  {
    "completions": [
      {
        "created_at": 1609121767,
        "id": 3001,
        "lead_time": 6.127,
        "result": []
      }
    ],
    "data": {
      "channel": "jd",
      "keyword": "氨基酸",
      "md5": "79a1d73c065787a73c414758d2be8f55",
      "text": "看过老爸评测的应该，都知道。皂基洗面奶，成分安全。洗完之后脸上不紧绷，比一般的氨基酸洗面奶的体验感更好。",
      "wordtype": "成分"
    },
    "id": 3
  },
  {
    "completions": [
      {
        "created_at": 1609127029,
        "id": 8001,
        "lead_time": 2.037,
        "result": []
      }
    ],
    "data": {
      "channel": "jd",
      "keyword": "质感",
      "md5": "8d6c9efc0934c945f782b6bff5582eec",
      "text": "产品质感：质感非常好，非常水润，非常舒服适合肤质：我觉得适合各种肤质，油皮、干皮、混合皮、敏感肌肤都能行吧，但里面含酒精，大家可以注意一下产品香味：味道好闻，有淡淡的桔子香气",
      "wordtype": "功效"
    },
    "id": 8
  },
  {
    "completions": [
      {
        "created_at": 1609121777,
        "id": 4001,
        "lead_time": 10.014,
        "result": []
      }
    ],
    "data": {
      "channel": "jd",
      "keyword": "保湿",
      "md5": "4fa2608d7e2340de8b24303b30a02432",
      "text": "搽在脸上很滋润。很保湿，感觉不错。不含酒精和香精兴致很。",
      "wordtype": "功效"
    },
    "id": 4
  },
  {
    "completions": [
      {
        "created_at": 1609121811,
        "id": 5001,
        "lead_time": 33.663,
        "result": [
          {
            "from_name": "label",
            "id": "9BmbE08dkM",
            "to_name": "text",
            "type": "labels",
            "value": {
              "end": 7,
              "labels": [
                "积极"
              ],
              "start": 5,
              "text": "滋润"
            }
          }
        ]
      }
    ],
    "data": {
      "channel": "jd",
      "keyword": "滋润",
      "md5": "7650e2af10e839422a3d229015a32f62",
      "text": "搽在脸上很滋润。很保湿，感觉不错。不含酒精和香精兴致很。",
      "wordtype": "功效"
    },
    "id": 5
  },
  {
    "completions": [
      {
        "created_at": 1609127043,
        "id": 9001,
        "lead_time": 13.392,
        "result": [
          {
            "from_name": "label",
            "id": "PXnH1_THB1",
            "to_name": "text",
            "type": "labels",
            "value": {
              "end": 60,
              "labels": [
                "消极"
              ],
              "start": 58,
              "text": "酒精"
            }
          }
        ]
      }
    ],
    "data": {
      "channel": "jd",
      "keyword": "酒精",
      "md5": "14433583755c941c8b541a4730e59ced",
      "text": "产品质感：质感非常好，非常水润，非常舒服适合肤质：我觉得适合各种肤质，油皮、干皮、混合皮、敏感肌肤都能行吧，但里面含酒精，大家可以注意一下产品香味：味道好闻，有淡淡的桔子香气",
      "wordtype": "成分"
    },
    "id": 9
  }
]